#OTU ID	206646	224324	206619	224326	206624	219644	214995	215058	206750	206617	206626	219638	224330	224328	206710	206676	206762	206635	206702	206769	206534	215007	206678	206752	206675	206572	219652	219693	206738	215048	215076	206720	206630	206758	219668	206669	206741	206659	215056	206684	206564	206732	206768	219654	206648	206561	206672	206747	219637	206681	219633	206643	206671	206695	215010	215074	206766	206704	206682	206605	206660	206620	215080	206756	219659	215009	219676	206770	206656	206645	206730	206700	215084	206713	206725	219651	206729	206734	206727	219646	215004	206629	206614	206719	206547	206724	206622	206603	206563	206739	206636	215023	206743	224845	219634	224327	206623	219692	206658	224325	206742	206618	206609	206708	206647	219645	215050	224323	206644	206755	206677	206711	206703	206767	215077	219657	206548	219669	219643	206621	206616	206746	206733	206751	219653	206761	215062	219670	206723	206571	219655	222171	215057	206753	206721	215075	215008	206668	222170	206625	206740	206731	219658	206562	206757	206569	206673	224844	206627	206667	206536	214994	206538	215085	215067	215061	206726	206570	215055	215049	206615	206712	219656	206683	206709	206608	219691	206701	206604	215003	206628	219675	206728	206754	206718	206657	206670	206655	taxonomy
F1NS1036	1.0	3.0	0.0	2.0	125.0	6.0	3.0	20.0	4.0	0.0	7.0	3.0	6.0	0.0	5.0	96.0	39.0	0.0	6.0	45.0	1.0	0.0	11.0	2.0	15.0	0.0	7.0	11.0	24.0	0.0	28.0	0.0	1.0	3.0	12.0	48.0	3.0	2.0	1.0	1.0	0.0	0.0	3.0	0.0	0.0	0.0	0.0	0.0	0.0	46.0	10.0	0.0	21.0	1.0	2.0	0.0	2.0	2.0	0.0	11.0	0.0	0.0	1.0	1.0	0.0	3.0	3.0	0.0	0.0	8.0	0.0	1.0	62.0	0.0	0.0	3.0	7.0	1.0	1.0	1.0	0.0	14.0	0.0	0.0	5.0	5.0	34.0	0.0	19.0	4.0	0.0	1.0	5.0	0.0	35.0	0.0	11.0	0.0	22.0	1.0	0.0	84.0	26.0	1.0	5.0	0.0	0.0	1.0	0.0	0.0	1.0	1.0	1.0	0.0	4.0	0.0	0.0	5.0	1.0	5.0	22.0	1.0	0.0	3.0	0.0	3.0	1.0	10.0	7.0	13.0	1.0	27.0	2.0	1.0	0.0	0.0	62.0	16.0	0.0	0.0	0.0	3.0	14.0	0.0	1.0	0.0	1.0	3.0	0.0	36.0	4.0	34.0	0.0	0.0	0.0	0.0	0.0	0.0	2.0	0.0	11.0	1.0	0.0	13.0	1.0	0.0	1.0	81.0	0.0	0.0	0.0	29.0	23.0	0.0	0.0	8.0	0.0	16.0	Bacteria; __Proteobacteria; __Gammaproteobacteria; __Pseudomonadales; __Pseudomonadaceae; __Pseudomonas
Unc00a9i	11.0	5.0	4.0	9.0	0.0	38.0	92.0	6.0	104.0	30.0	4.0	1.0	8.0	38.0	31.0	0.0	12.0	70.0	0.0	1.0	156.0	141.0	25.0	59.0	4.0	27.0	14.0	23.0	12.0	17.0	35.0	6.0	22.0	3622.0	15.0	2.0	4.0	0.0	29.0	0.0	10.0	1.0	0.0	13.0	0.0	0.0	38.0	56.0	0.0	7.0	11.0	24.0	30.0	3.0	2.0	94.0	416.0	36.0	6.0	62.0	4.0	0.0	190.0	0.0	0.0	106.0	2111.0	123.0	31.0	0.0	0.0	1156.0	78.0	48.0	67.0	13.0	647.0	9.0	55.0	4.0	16.0	25.0	5.0	100.0	366.0	22.0	3.0	64.0	114.0	12.0	0.0	0.0	81.0	2.0	26.0	28.0	1.0	0.0	1.0	53.0	18.0	5.0	6.0	24.0	13.0	3.0	2.0	15.0	14.0	16.0	106.0	13.0	102.0	185.0	177.0	573.0	50.0	27.0	11.0	0.0	0.0	122.0	13.0	3.0	28.0	6.0	27.0	9.0	0.0	46.0	42.0	2.0	0.0	35.0	8.0	85.0	49.0	0.0	6.0	0.0	3.0	13.0	55.0	0.0	3024.0	7.0	23.0	1.0	0.0	131.0	88.0	42.0	144.0	0.0	2.0	7.0	39.0	1.0	26.0	0.0	4.0	22.0	33.0	2.0	3.0	14.0	126.0	8.0	7.0	43.0	5.0	2084.0	80.0	84.0	41.0	2.0	20.0	14.0	Bacteria; __Firmicutes; __Negativicutes; __Selenomonadales; __Veillonellaceae; __Veillonella
Unc02f9r	379.0	5.0	5.0	147.0	0.0	634.0	0.0	38.0	270.0	16.0	17.0	8.0	35.0	1.0	43.0	28.0	6.0	14.0	0.0	0.0	43.0	1.0	31.0	68.0	12.0	4.0	7.0	68.0	167.0	4.0	0.0	83.0	0.0	0.0	0.0	0.0	370.0	16.0	70.0	14.0	1.0	71.0	1.0	25.0	104.0	31.0	0.0	27.0	0.0	9.0	77.0	0.0	0.0	0.0	72.0	35.0	1.0	359.0	5.0	37.0	3.0	0.0	81.0	45.0	0.0	99.0	0.0	53.0	1.0	21.0	0.0	0.0	17.0	26.0	108.0	30.0	0.0	0.0	6.0	0.0	0.0	29.0	18.0	10.0	1.0	0.0	14.0	39.0	31.0	224.0	0.0	1.0	9.0	57.0	28.0	2.0	0.0	0.0	77.0	74.0	33.0	0.0	20.0	23.0	96.0	0.0	51.0	0.0	0.0	67.0	0.0	73.0	120.0	0.0	129.0	0.0	0.0	14.0	39.0	0.0	0.0	57.0	1.0	335.0	24.0	6.0	13.0	20.0	0.0	28.0	90.0	13.0	54.0	147.0	45.0	8.0	4.0	1.0	33.0	13.0	133.0	61.0	0.0	64.0	0.0	25.0	143.0	11.0	0.0	0.0	15.0	0.0	6.0	0.0	81.0	15.0	90.0	30.0	88.0	0.0	15.0	19.0	16.0	105.0	8.0	35.0	8.0	0.0	48.0	14.0	0.0	0.0	0.0	433.0	1.0	55.0	22.0	58.0	Bacteria; __Firmicutes; __Clostridia; __Clostridiales; __Lachnospiraceae; __Blautia
Unc05bd1	1940.0	13904.0	339.0	2783.0	34.0	419.0	5263.0	1057.0	4623.0	156.0	1.0	937.0	7722.0	5419.0	5389.0	58.0	5721.0	1521.0	15.0	6.0	0.0	6256.0	2294.0	4356.0	99.0	4360.0	970.0	247.0	1843.0	1494.0	7517.0	3963.0	1693.0	12240.0	0.0	1.0	3368.0	794.0	1840.0	4904.0	288.0	520.0	1.0	346.0	4961.0	864.0	1.0	7996.0	0.0	102.0	226.0	3299.0	5.0	112.0	1358.0	2094.0	6421.0	2289.0	19.0	1248.0	1611.0	0.0	1225.0	6970.0	199.0	1862.0	668.0	6874.0	112.0	54.0	13.0	2.0	1380.0	3317.0	6591.0	1129.0	22.0	3.0	4229.0	2839.0	155.0	323.0	311.0	5.0	3.0	2980.0	1687.0	9748.0	1450.0	3636.0	5.0	616.0	4765.0	4093.0	162.0	4812.0	3.0	17.0	691.0	2906.0	3882.0	149.0	2928.0	5583.0	3188.0	4778.0	2847.0	9306.0	1627.0	5682.0	986.0	5122.0	4978.0	2974.0	7638.0	1.0	6.0	190.0	912.0	7.0	1.0	9163.0	6.0	3929.0	826.0	12161.0	117.0	317.0	2.0	5959.0	561.0	2904.0	3927.0	3849.0	3468.0	7828.0	3323.0	221.0	1887.0	721.0	2310.0	515.0	0.0	1541.0	12085.0	2549.0	4591.0	1334.0	0.0	4865.0	3.0	4854.0	2.0	1218.0	788.0	264.0	8530.0	2425.0	4021.0	0.0	1433.0	2477.0	441.0	3849.0	9605.0	4370.0	165.0	21.0	759.0	653.0	0.0	880.0	3113.0	5893.0	1.0	1354.0	3.0	164.0	Bacteria; __Bacteroidetes; __Bacteroidia; __Bacteroidales; __Bacteroidaceae; __Bacteroides
UncB2490	7.0	10.0	0.0	6.0	0.0	16.0	173.0	4.0	78.0	0.0	0.0	0.0	30.0	2.0	81.0	17.0	17.0	37.0	7.0	6.0	159.0	20.0	85.0	59.0	5.0	32.0	7.0	31.0	134.0	74.0	232.0	11.0	0.0	99.0	42.0	0.0	9.0	106.0	79.0	45.0	0.0	0.0	60.0	11.0	9.0	6.0	48.0	30.0	0.0	0.0	86.0	100.0	79.0	0.0	12.0	58.0	4.0	243.0	0.0	4.0	1.0	0.0	106.0	22.0	0.0	685.0	409.0	24.0	0.0	0.0	7.0	26.0	2.0	19.0	6.0	41.0	1253.0	3.0	7.0	9.0	4.0	25.0	0.0	0.0	291.0	34.0	0.0	47.0	277.0	6.0	2.0	0.0	134.0	21.0	193.0	3.0	0.0	0.0	11.0	110.0	5.0	0.0	3.0	26.0	305.0	9.0	66.0	34.0	0.0	28.0	190.0	16.0	72.0	11.0	46.0	6.0	43.0	57.0	28.0	0.0	0.0	129.0	7.0	7.0	40.0	29.0	0.0	11.0	0.0	34.0	18.0	64.0	20.0	40.0	3.0	114.0	10.0	0.0	14.0	0.0	1.0	258.0	20.0	12.0	9.0	20.0	110.0	3.0	0.0	25.0	21.0	97.0	53.0	22.0	9.0	60.0	5.0	37.0	68.0	0.0	4.0	17.0	0.0	46.0	5.0	14.0	66.0	0.0	14.0	96.0	5.0	113.0	12.0	48.0	5.0	31.0	18.0	0.0	Bacteria; __Firmicutes; __Bacilli; __Lactobacillales; __Streptococcaceae; __Streptococcus
Unc055ix	15.0	0.0	0.0	6.0	0.0	0.0	18.0	0.0	0.0	13.0	0.0	0.0	45.0	4.0	33.0	8.0	16.0	24.0	0.0	0.0	250.0	7.0	10.0	29.0	0.0	0.0	12.0	0.0	226.0	13.0	0.0	0.0	0.0	332.0	0.0	0.0	60.0	1.0	0.0	21.0	0.0	11.0	0.0	60.0	0.0	0.0	87.0	0.0	0.0	0.0	0.0	17.0	135.0	0.0	0.0	0.0	38.0	12.0	0.0	0.0	0.0	0.0	217.0	129.0	10.0	0.0	1.0	9.0	0.0	0.0	59.0	115.0	7.0	26.0	89.0	11.0	124.0	0.0	0.0	16.0	0.0	0.0	0.0	58.0	113.0	0.0	0.0	21.0	16.0	229.0	0.0	0.0	6.0	7.0	2.0	1.0	0.0	0.0	3.0	2.0	14.0	14.0	21.0	0.0	0.0	8.0	24.0	1.0	0.0	131.0	0.0	32.0	26.0	17.0	0.0	22.0	18.0	42.0	10.0	1.0	0.0	0.0	0.0	0.0	32.0	5.0	7.0	17.0	0.0	10.0	23.0	0.0	0.0	31.0	0.0	0.0	0.0	0.0	0.0	0.0	7.0	3.0	5.0	2.0	235.0	5.0	100.0	0.0	0.0	98.0	288.0	16.0	34.0	29.0	2.0	7.0	33.0	5.0	0.0	0.0	0.0	90.0	36.0	39.0	0.0	6.0	0.0	0.0	0.0	9.0	0.0	0.0	0.0	0.0	28.0	0.0	7.0	0.0	Bacteria; __Firmicutes; __Clostridia; __Clostridiales; __Peptostreptococcaceae; __Intestinibacter
Unc69508	0.0	42.0	0.0	1354.0	0.0	39.0	0.0	163.0	0.0	0.0	1.0	43.0	111.0	45.0	29.0	44.0	0.0	445.0	1.0	0.0	841.0	1.0	118.0	1825.0	101.0	0.0	284.0	22.0	619.0	572.0	250.0	1.0	38.0	0.0	0.0	0.0	685.0	0.0	0.0	386.0	0.0	614.0	0.0	105.0	34.0	0.0	0.0	0.0	0.0	40.0	0.0	0.0	0.0	0.0	35.0	0.0	1.0	595.0	1.0	0.0	0.0	0.0	183.0	1240.0	101.0	41.0	7.0	0.0	18.0	0.0	3.0	0.0	248.0	181.0	159.0	319.0	0.0	1909.0	0.0	0.0	12.0	1.0	0.0	1680.0	0.0	7.0	0.0	0.0	0.0	828.0	5.0	300.0	5080.0	160.0	0.0	18.0	0.0	0.0	0.0	1171.0	5110.0	1.0	216.0	0.0	2.0	0.0	1051.0	42.0	0.0	1159.0	23.0	27.0	508.0	0.0	0.0	0.0	0.0	338.0	326.0	0.0	0.0	2.0	1631.0	0.0	204.0	0.0	135.0	224.0	0.0	0.0	0.0	151.0	239.0	1773.0	3.0	251.0	0.0	1.0	112.0	7.0	445.0	585.0	0.0	0.0	3.0	19.0	0.0	48.0	0.0	0.0	881.0	0.0	350.0	283.0	171.0	226.0	182.0	17.0	0.0	0.0	0.0	143.0	2.0	97.0	0.0	263.0	0.0	0.0	0.0	104.0	0.0	0.0	0.0	306.0	1089.0	0.0	1.0	75.0	Bacteria; __Bacteroidetes; __Bacteroidia; __Bacteroidales; __Bacteroidaceae; __Bacteroides
Unc015db	0.0	46.0	6.0	62.0	0.0	393.0	408.0	124.0	116.0	3.0	2.0	140.0	239.0	0.0	173.0	0.0	256.0	90.0	0.0	0.0	106.0	189.0	24.0	136.0	41.0	0.0	20.0	96.0	239.0	26.0	19.0	271.0	58.0	0.0	2.0	0.0	126.0	38.0	210.0	85.0	19.0	167.0	0.0	215.0	71.0	5.0	53.0	234.0	0.0	13.0	1.0	0.0	58.0	0.0	29.0	15.0	429.0	266.0	0.0	33.0	45.0	0.0	93.0	238.0	0.0	20.0	0.0	120.0	0.0	0.0	1.0	0.0	22.0	451.0	727.0	66.0	0.0	1.0	70.0	372.0	0.0	136.0	35.0	175.0	62.0	0.0	0.0	0.0	21.0	652.0	0.0	0.0	27.0	516.0	2.0	0.0	0.0	0.0	25.0	82.0	4.0	0.0	22.0	455.0	143.0	132.0	24.0	48.0	0.0	105.0	6.0	278.0	262.0	175.0	36.0	0.0	38.0	198.0	59.0	0.0	0.0	445.0	0.0	134.0	102.0	310.0	444.0	89.0	0.0	0.0	26.0	89.0	221.0	474.0	187.0	19.0	25.0	0.0	46.0	8.0	94.0	183.0	0.0	50.0	0.0	80.0	0.0	199.0	0.0	31.0	78.0	200.0	35.0	0.0	105.0	403.0	425.0	105.0	66.0	0.0	176.0	419.0	3.0	113.0	182.0	85.0	270.0	0.0	13.0	3.0	0.0	0.0	78.0	454.0	123.0	26.0	0.0	11.0	Bacteria; __Firmicutes; __Clostridia; __Clostridiales; __Lachnospiraceae; ___Eubacterium_hallii_group
GWMAdo11	67.0	16.0	0.0	2.0	20.0	6.0	3.0	1.0	0.0	0.0	0.0	30.0	49.0	228.0	133.0	0.0	54.0	546.0	0.0	0.0	128.0	3.0	0.0	33.0	0.0	0.0	1318.0	0.0	49.0	8.0	19.0	19.0	42.0	373.0	0.0	0.0	31.0	9.0	41.0	30.0	0.0	338.0	0.0	12.0	0.0	2.0	3.0	13.0	0.0	11.0	5.0	8.0	0.0	8.0	4.0	23.0	18.0	33.0	2.0	0.0	9.0	0.0	700.0	2.0	0.0	8.0	62.0	75.0	0.0	0.0	13.0	0.0	0.0	21.0	5.0	638.0	0.0	1.0	3.0	96.0	0.0	20.0	0.0	26.0	0.0	0.0	0.0	0.0	2.0	119.0	19.0	26.0	14.0	25.0	6.0	237.0	0.0	1.0	0.0	6.0	37.0	0.0	0.0	1.0	0.0	42.0	1141.0	15.0	0.0	4.0	0.0	63.0	11.0	11.0	62.0	16.0	0.0	17.0	267.0	0.0	0.0	14.0	0.0	0.0	11.0	104.0	0.0	62.0	0.0	0.0	11.0	8.0	6.0	42.0	3.0	22.0	3.0	0.0	2.0	0.0	24.0	390.0	10.0	0.0	484.0	5.0	5.0	46.0	0.0	0.0	70.0	11.0	15.0	0.0	0.0	0.0	13.0	4.0	76.0	0.0	0.0	61.0	19.0	22.0	2.0	0.0	4.0	1.0	5.0	3.0	2.0	13.0	6.0	201.0	6.0	0.0	14.0	0.0	Bacteria; __Actinobacteria; __Actinobacteria; __Bifidobacteriales; __Bifidobacteriaceae; __Bifidobacterium
Unc052sp	757.0	5.0	0.0	13.0	0.0	0.0	823.0	50.0	135.0	0.0	0.0	41.0	289.0	0.0	1.0	25.0	0.0	247.0	0.0	0.0	245.0	13.0	141.0	566.0	46.0	0.0	190.0	0.0	269.0	116.0	0.0	2.0	19.0	0.0	0.0	0.0	336.0	49.0	0.0	212.0	0.0	441.0	0.0	0.0	123.0	268.0	0.0	79.0	0.0	79.0	54.0	0.0	0.0	0.0	246.0	23.0	3.0	349.0	67.0	9.0	2.0	0.0	19.0	41.0	0.0	193.0	0.0	68.0	12.0	0.0	0.0	0.0	0.0	33.0	0.0	122.0	0.0	3.0	0.0	0.0	0.0	28.0	0.0	7.0	636.0	2.0	435.0	0.0	11.0	728.0	0.0	23.0	683.0	158.0	42.0	0.0	0.0	0.0	555.0	21.0	952.0	0.0	0.0	0.0	139.0	0.0	837.0	4.0	2.0	67.0	0.0	1.0	121.0	0.0	61.0	0.0	68.0	1569.0	158.0	0.0	0.0	123.0	0.0	108.0	0.0	0.0	71.0	745.0	0.0	0.0	0.0	126.0	128.0	658.0	1.0	2.0	1.0	0.0	130.0	0.0	218.0	885.0	0.0	138.0	0.0	271.0	0.0	283.0	0.0	0.0	228.0	626.0	97.0	11.0	358.0	80.0	0.0	409.0	0.0	0.0	0.0	25.0	0.0	298.0	10.0	0.0	20.0	1.0	56.0	46.0	0.0	0.0	2.0	25.0	3.0	643.0	0.0	0.0	Bacteria; __Firmicutes; __Clostridia; __Clostridiales; __Ruminococcaceae; __Subdoligranulum
Unc00z5u	9.0	21.0	0.0	119.0	0.0	2415.0	2347.0	204.0	1.0	0.0	6.0	593.0	1199.0	0.0	0.0	187.0	116.0	32.0	0.0	0.0	0.0	236.0	12.0	130.0	120.0	5.0	12.0	0.0	204.0	15.0	0.0	14.0	15.0	2532.0	0.0	0.0	113.0	402.0	3.0	7.0	40.0	43.0	1.0	0.0	429.0	107.0	0.0	135.0	0.0	1.0	67.0	0.0	0.0	0.0	686.0	22.0	15.0	170.0	1.0	327.0	242.0	0.0	191.0	1.0	0.0	669.0	0.0	5824.0	10.0	0.0	0.0	0.0	419.0	392.0	64.0	56.0	0.0	4.0	244.0	64.0	0.0	45.0	0.0	253.0	0.0	0.0	0.0	32.0	390.0	230.0	1.0	0.0	23.0	383.0	33.0	0.0	0.0	0.0	270.0	120.0	15.0	0.0	686.0	6.0	1020.0	353.0	0.0	23.0	0.0	2.0	0.0	0.0	99.0	6.0	44.0	0.0	0.0	593.0	154.0	0.0	0.0	295.0	6.0	0.0	0.0	94.0	140.0	146.0	0.0	3.0	153.0	182.0	390.0	172.0	8.0	3.0	99.0	13.0	40.0	7.0	124.0	111.0	0.0	580.0	1752.0	109.0	502.0	226.0	0.0	65.0	0.0	2507.0	0.0	133.0	31.0	157.0	50.0	168.0	0.0	0.0	0.0	431.0	56.0	43.0	22.0	1185.0	1.0	0.0	282.0	72.0	0.0	0.0	514.0	113.0	253.0	456.0	0.0	57.0	Bacteria; __Firmicutes; __Clostridia; __Clostridiales; __Lachnospiraceae; __Roseburia
Unc053aw	714.0	4.0	0.0	723.0	0.0	0.0	0.0	113.0	267.0	0.0	0.0	0.0	74.0	0.0	27.0	57.0	9.0	0.0	0.0	2.0	59.0	3.0	0.0	1059.0	104.0	0.0	49.0	4.0	15.0	114.0	0.0	1199.0	0.0	1.0	0.0	0.0	717.0	19.0	95.0	0.0	15.0	155.0	0.0	500.0	61.0	390.0	0.0	2.0	0.0	0.0	349.0	1.0	0.0	0.0	90.0	27.0	5.0	1.0	3.0	0.0	30.0	0.0	44.0	204.0	60.0	132.0	0.0	0.0	19.0	0.0	0.0	0.0	193.0	0.0	39.0	21.0	0.0	0.0	11.0	0.0	1.0	0.0	0.0	0.0	0.0	0.0	112.0	0.0	102.0	41.0	0.0	19.0	753.0	156.0	103.0	0.0	0.0	0.0	219.0	1142.0	854.0	0.0	211.0	0.0	146.0	0.0	337.0	1.0	0.0	163.0	0.0	23.0	2.0	0.0	142.0	0.0	2.0	246.0	18.0	7.0	0.0	0.0	0.0	347.0	408.0	7.0	1.0	226.0	0.0	0.0	13.0	485.0	171.0	898.0	1261.0	22.0	0.0	1.0	261.0	0.0	436.0	93.0	0.0	271.0	1.0	596.0	0.0	60.0	0.0	6.0	57.0	0.0	14.0	75.0	397.0	0.0	56.0	642.0	65.0	0.0	0.0	0.0	1.0	0.0	10.0	167.0	22.0	0.0	3.0	0.0	0.0	0.0	9.0	21.0	0.0	301.0	1656.0	22.0	Bacteria; __Bacteroidetes; __Bacteroidia; __Bacteroidales; __Rikenellaceae; __Alistipes
Unc002el	325.0	6.0	0.0	1088.0	0.0	14.0	275.0	26.0	145.0	11.0	1.0	59.0	17.0	466.0	22.0	141.0	0.0	160.0	0.0	0.0	7.0	273.0	26.0	441.0	76.0	52.0	111.0	0.0	97.0	125.0	27.0	504.0	4.0	1.0	0.0	0.0	347.0	226.0	312.0	199.0	1.0	45.0	4.0	109.0	18.0	244.0	0.0	31.0	0.0	0.0	125.0	356.0	0.0	0.0	39.0	0.0	50.0	223.0	0.0	61.0	387.0	0.0	342.0	692.0	72.0	74.0	125.0	215.0	0.0	6.0	0.0	6109.0	286.0	176.0	62.0	142.0	0.0	129.0	52.0	0.0	15.0	0.0	6.0	2.0	1.0	31.0	508.0	109.0	113.0	78.0	13.0	0.0	139.0	16.0	64.0	483.0	0.0	0.0	10.0	769.0	251.0	0.0	172.0	19.0	0.0	0.0	0.0	8.0	364.0	587.0	2.0	34.0	243.0	16.0	0.0	0.0	3.0	33.0	121.0	2.0	0.0	37.0	152.0	153.0	205.0	0.0	21.0	29.0	0.0	76.0	103.0	187.0	99.0	438.0	364.0	37.0	140.0	0.0	66.0	5.0	229.0	45.0	0.0	227.0	1.0	100.0	599.0	15.0	0.0	0.0	0.0	203.0	4.0	171.0	103.0	40.0	106.0	169.0	653.0	28.0	37.0	136.0	53.0	88.0	21.0	305.0	64.0	0.0	98.0	11.0	2.0	47.0	25.0	39.0	0.0	33.0	0.0	17.0	Bacteria; __Bacteroidetes; __Bacteroidia; __Bacteroidales; __Bacteroidaceae; __Bacteroides
Unc94755	139.0	0.0	1.0	364.0	0.0	2.0	0.0	60.0	40.0	0.0	0.0	7.0	11.0	1.0	48.0	118.0	13.0	22.0	0.0	0.0	21.0	18.0	1.0	1328.0	85.0	0.0	151.0	0.0	126.0	21.0	0.0	1610.0	0.0	1.0	0.0	0.0	39.0	334.0	20.0	0.0	26.0	84.0	0.0	46.0	226.0	136.0	0.0	0.0	0.0	0.0	384.0	1.0	0.0	0.0	147.0	9.0	0.0	93.0	0.0	15.0	476.0	0.0	528.0	41.0	0.0	153.0	0.0	10.0	89.0	0.0	0.0	0.0	28.0	8.0	71.0	151.0	0.0	29.0	124.0	0.0	0.0	0.0	0.0	2.0	0.0	2.0	64.0	0.0	31.0	92.0	0.0	5.0	344.0	69.0	140.0	1.0	0.0	0.0	917.0	562.0	373.0	0.0	42.0	0.0	93.0	1.0	7.0	0.0	2.0	54.0	0.0	30.0	102.0	0.0	28.0	0.0	0.0	142.0	91.0	6.0	0.0	0.0	31.0	32.0	47.0	1.0	68.0	135.0	0.0	0.0	18.0	150.0	121.0	869.0	1735.0	0.0	17.0	1.0	173.0	49.0	18.0	38.0	0.0	141.0	1.0	1474.0	0.0	92.0	0.0	0.0	66.0	0.0	45.0	0.0	336.0	83.0	71.0	1620.0	14.0	0.0	0.0	4.0	45.0	0.0	25.0	21.0	11.0	0.0	17.0	14.0	11.0	0.0	86.0	3.0	6.0	1639.0	0.0	52.0	Bacteria; __Bacteroidetes; __Bacteroidia; __Bacteroidales; __Rikenellaceae; __Alistipes
Unc91094	0.0	147.0	0.0	76.0	31.0	2384.0	0.0	234.0	88.0	0.0	0.0	202.0	100.0	100.0	185.0	191.0	0.0	292.0	0.0	0.0	70.0	48.0	179.0	56.0	15.0	0.0	54.0	0.0	94.0	5.0	10.0	60.0	156.0	0.0	0.0	0.0	35.0	0.0	34.0	144.0	13.0	33.0	0.0	0.0	33.0	0.0	0.0	54.0	0.0	0.0	57.0	0.0	0.0	0.0	31.0	28.0	40.0	62.0	0.0	12.0	0.0	0.0	15.0	91.0	0.0	20.0	0.0	183.0	0.0	0.0	0.0	0.0	0.0	21.0	69.0	123.0	0.0	0.0	63.0	79.0	8.0	66.0	0.0	62.0	37.0	6.0	0.0	0.0	142.0	83.0	0.0	2.0	33.0	63.0	137.0	88.0	0.0	0.0	38.0	30.0	52.0	0.0	0.0	247.0	315.0	115.0	256.0	143.0	0.0	112.0	32.0	172.0	44.0	8.0	28.0	0.0	70.0	103.0	235.0	0.0	0.0	71.0	0.0	197.0	0.0	0.0	11.0	299.0	0.0	0.0	154.0	2.0	337.0	62.0	33.0	5.0	10.0	0.0	0.0	0.0	10.0	35.0	0.0	74.0	0.0	11.0	55.0	35.0	0.0	0.0	73.0	0.0	72.0	0.0	11.0	11.0	155.0	30.0	14.0	0.0	0.0	172.0	34.0	188.0	83.0	0.0	277.0	0.0	30.0	70.0	0.0	0.0	31.0	144.0	79.0	68.0	37.0	6.0	Bacteria; __Firmicutes; __Clostridia; __Clostridiales; __Lachnospiraceae; __Dorea
S53Therm	2.0	124.0	0.0	5.0	0.0	1.0	186.0	0.0	16.0	7.0	0.0	12.0	0.0	11.0	23.0	0.0	3.0	298.0	0.0	23.0	21.0	8.0	31.0	344.0	0.0	0.0	12.0	365.0	26.0	28.0	49.0	14.0	0.0	95.0	1.0	0.0	10.0	1.0	43.0	5.0	0.0	0.0	238.0	9.0	0.0	44.0	0.0	13.0	0.0	0.0	52.0	0.0	25.0	0.0	4.0	16.0	24.0	105.0	17.0	5.0	1.0	0.0	153.0	19.0	8.0	69.0	107.0	5.0	0.0	0.0	0.0	51.0	12.0	4.0	0.0	5.0	38.0	0.0	2.0	0.0	16.0	1.0	0.0	0.0	141.0	68.0	5.0	7.0	68.0	19.0	11.0	11.0	164.0	5.0	65.0	1.0	0.0	0.0	8.0	37.0	400.0	5.0	1.0	0.0	3.0	0.0	217.0	108.0	5.0	23.0	31.0	3.0	71.0	18.0	36.0	0.0	8.0	16.0	3.0	0.0	0.0	16.0	0.0	1.0	8.0	5.0	13.0	4.0	0.0	0.0	0.0	1.0	0.0	144.0	5.0	12.0	0.0	0.0	0.0	0.0	12.0	9.0	0.0	100.0	93.0	13.0	6.0	0.0	0.0	10.0	16.0	60.0	9.0	70.0	3.0	36.0	0.0	7.0	1.0	0.0	0.0	8.0	0.0	2.0	7.0	0.0	25.0	0.0	11.0	1.0	13.0	20.0	6.0	29.0	1.0	11.0	14.0	0.0	Bacteria; __Firmicutes; __Bacilli; __Lactobacillales; __Streptococcaceae; __Streptococcus
Unc01ie9	7.0	4.0	11.0	13.0	0.0	4.0	71.0	0.0	1.0	40.0	0.0	0.0	0.0	4.0	11.0	42.0	11.0	3.0	0.0	0.0	459.0	10.0	0.0	6.0	0.0	8.0	1.0	0.0	24.0	84.0	12.0	52.0	33.0	7.0	2.0	0.0	3.0	0.0	231.0	0.0	0.0	8.0	26.0	87.0	0.0	0.0	167.0	38.0	0.0	0.0	3.0	0.0	301.0	9.0	0.0	5.0	372.0	19.0	0.0	64.0	0.0	0.0	0.0	5.0	0.0	4.0	7711.0	2.0	51.0	0.0	14.0	5787.0	113.0	114.0	547.0	1.0	132.0	268.0	631.0	1.0	17.0	28.0	0.0	0.0	57.0	141.0	0.0	11.0	6.0	7.0	0.0	8.0	21.0	27.0	12.0	0.0	0.0	48.0	0.0	18.0	0.0	4.0	0.0	16.0	4.0	3.0	0.0	8.0	0.0	4.0	42.0	6.0	17.0	344.0	6.0	0.0	48.0	0.0	7.0	0.0	0.0	35.0	147.0	0.0	411.0	12.0	0.0	0.0	0.0	0.0	24.0	0.0	2.0	6.0	54.0	7.0	2.0	0.0	0.0	0.0	9.0	0.0	0.0	0.0	1.0	0.0	0.0	21.0	0.0	38.0	697.0	52.0	330.0	0.0	0.0	0.0	215.0	8.0	174.0	0.0	21.0	147.0	10.0	0.0	11.0	0.0	52.0	39.0	0.0	8.0	2.0	6930.0	778.0	563.0	0.0	0.0	11.0	0.0	Bacteria; __Fusobacteria; __Fusobacteriia; __Fusobacteriales; __Fusobacteriaceae; __Fusobacterium
Unc054vi	4788.0	186.0	1118.0	1342.0	24.0	1172.0	3178.0	281.0	1577.0	673.0	11.0	33.0	122.0	6542.0	1514.0	347.0	30.0	2622.0	15.0	0.0	7402.0	3523.0	129.0	2639.0	311.0	189.0	432.0	98.0	643.0	351.0	383.0	8111.0	36.0	4.0	2.0	0.0	1305.0	603.0	499.0	4054.0	186.0	279.0	16.0	1528.0	345.0	237.0	5593.0	523.0	0.0	44.0	804.0	1617.0	9484.0	12.0	2795.0	178.0	6591.0	1389.0	0.0	2147.0	1180.0	4.0	2859.0	2165.0	134.0	4418.0	3139.0	691.0	173.0	225.0	1937.0	1.0	598.0	9311.0	714.0	1071.0	544.0	19572.0	1754.0	3754.0	13.0	26.0	71.0	886.0	0.0	1278.0	872.0	516.0	800.0	1026.0	46.0	11215.0	3067.0	140.0	464.0	5036.0	0.0	0.0	598.0	2374.0	1710.0	245.0	893.0	644.0	206.0	5342.0	4409.0	106.0	863.0	1996.0	10.0	1594.0	1698.0	3008.0	465.0	0.0	1.0	461.0	1168.0	1.0	0.0	821.0	19558.0	1281.0	3812.0	69.0	73.0	298.0	1.0	389.0	1967.0	1116.0	692.0	1378.0	6798.0	566.0	2319.0	11.0	564.0	137.0	694.0	210.0	0.0	307.0	9.0	388.0	361.0	253.0	0.0	544.0	6359.0	3268.0	3051.0	273.0	438.0	100.0	789.0	470.0	834.0	0.0	434.0	9107.0	2212.0	4281.0	2046.0	1137.0	1694.0	7.0	920.0	275.0	3.0	2460.0	1887.0	343.0	510.0	1309.0	8034.0	42.0	Bacteria; __Bacteroidetes; __Bacteroidia; __Bacteroidales; __Bacteroidaceae; __Bacteroides
Unc02q6j	0.0	77.0	0.0	13.0	0.0	0.0	0.0	24.0	271.0	0.0	0.0	1534.0	46.0	215.0	0.0	22.0	0.0	179.0	0.0	0.0	0.0	7.0	5.0	134.0	12.0	89.0	22.0	0.0	75.0	0.0	132.0	555.0	1.0	0.0	0.0	0.0	267.0	0.0	2353.0	1.0	14.0	187.0	0.0	0.0	0.0	70.0	0.0	179.0	1.0	1.0	144.0	0.0	0.0	0.0	18.0	40.0	227.0	62.0	0.0	27.0	0.0	1.0	8.0	1549.0	0.0	16.0	1.0	26.0	5.0	0.0	0.0	0.0	16.0	300.0	53.0	30.0	0.0	70.0	59.0	54.0	3.0	0.0	0.0	769.0	27.0	1.0	0.0	595.0	29.0	100.0	0.0	1.0	65.0	118.0	210.0	74.0	0.0	0.0	422.0	11.0	75.0	0.0	36.0	47.0	0.0	53.0	19.0	117.0	0.0	2830.0	2.0	0.0	69.0	72.0	132.0	0.0	5.0	248.0	18.0	0.0	0.0	286.0	58.0	231.0	0.0	0.0	23.0	289.0	0.0	125.0	288.0	43.0	129.0	64.0	498.0	94.0	0.0	0.0	29.0	0.0	390.0	186.0	0.0	92.0	0.0	550.0	166.0	118.0	0.0	1.0	0.0	0.0	8.0	0.0	330.0	13.0	82.0	427.0	1924.0	0.0	0.0	283.0	117.0	1.0	123.0	137.0	2073.0	0.0	9.0	17.0	0.0	0.0	51.0	7.0	730.0	295.0	556.0	143.0	Bacteria; __Firmicutes; __Clostridia; __Clostridiales; __Lachnospiraceae; __Lachnospiraceae_NK4A136_group
Unc01c0q	1686.0	14.0	4.0	102.0	0.0	23.0	271.0	71.0	506.0	22.0	1.0	196.0	165.0	56.0	32.0	59.0	79.0	392.0	0.0	0.0	157.0	230.0	49.0	334.0	40.0	53.0	115.0	34.0	55.0	134.0	19.0	182.0	2.0	1.0	0.0	0.0	810.0	88.0	152.0	43.0	13.0	411.0	0.0	237.0	41.0	134.0	158.0	73.0	0.0	37.0	70.0	0.0	147.0	66.0	322.0	24.0	62.0	901.0	8.0	20.0	19.0	0.0	1178.0	665.0	4.0	577.0	0.0	394.0	1.0	97.0	0.0	55.0	121.0	186.0	1257.0	225.0	0.0	16.0	51.0	613.0	0.0	0.0	7.0	31.0	32.0	308.0	9.0	198.0	194.0	82.0	40.0	1.0	244.0	106.0	24.0	13.0	0.0	0.0	122.0	57.0	503.0	4.0	71.0	329.0	85.0	381.0	82.0	30.0	5.0	902.0	0.0	25.0	459.0	24.0	91.0	676.0	25.0	568.0	169.0	0.0	1.0	113.0	7.0	896.0	231.0	57.0	163.0	290.0	0.0	136.0	70.0	32.0	78.0	380.0	125.0	17.0	85.0	0.0	40.0	14.0	354.0	334.0	11.0	577.0	2.0	132.0	101.0	105.0	0.0	65.0	157.0	213.0	25.0	68.0	322.0	194.0	648.0	112.0	392.0	0.0	56.0	195.0	64.0	21.0	169.0	105.0	60.0	2.0	60.0	43.0	0.0	0.0	31.0	87.0	4.0	144.0	304.0	0.0	Bacteria; __Firmicutes; __Clostridia; __Clostridiales; __Lachnospiraceae; __Lachnospiraceae_UCG_008
UncSta97	0.0	0.0	0.0	4.0	0.0	3.0	1.0	0.0	5.0	0.0	0.0	3.0	0.0	1.0	2.0	1.0	0.0	1.0	0.0	4.0	0.0	1.0	2.0	1.0	2.0	4.0	2.0	10.0	61.0	27.0	3.0	2.0	10.0	1.0	1.0	5.0	1.0	0.0	3.0	0.0	0.0	1.0	3.0	0.0	1.0	2.0	1.0	1.0	1.0	0.0	1.0	2.0	0.0	1.0	4.0	0.0	3.0	0.0	0.0	0.0	2.0	0.0	45.0	2.0	20.0	0.0	1.0	2.0	0.0	0.0	4.0	4.0	2.0	0.0	1.0	4.0	1.0	0.0	2.0	1.0	1.0	76.0	4.0	2.0	2.0	4.0	0.0	1.0	3.0	1.0	13.0	3.0	0.0	2.0	4.0	2.0	0.0	0.0	9.0	1.0	0.0	825.0	0.0	10.0	0.0	0.0	1.0	1.0	6.0	2.0	1.0	4.0	3.0	4.0	2.0	2.0	15.0	3.0	2.0	0.0	0.0	2.0	2.0	2.0	0.0	2.0	1.0	1.0	0.0	2.0	2.0	0.0	4.0	3.0	3.0	16.0	0.0	0.0	0.0	23.0	0.0	0.0	0.0	0.0	1.0	1.0	6.0	1.0	0.0	12.0	0.0	16.0	1.0	9.0	1.0	0.0	4.0	2.0	2.0	0.0	1.0	1.0	1.0	2.0	2.0	0.0	1.0	12.0	50.0	0.0	0.0	0.0	1.0	0.0	2.0	1.0	0.0	0.0	Bacteria; __Firmicutes; __Bacilli; __Bacillales; __Staphylococcaceae; __Staphylococcus
UncC1868	1151.0	56.0	105.0	16.0	0.0	4009.0	37.0	26.0	31.0	0.0	1.0	447.0	86.0	60.0	2005.0	34.0	482.0	439.0	0.0	0.0	127.0	236.0	36.0	48.0	0.0	58.0	30.0	0.0	709.0	128.0	241.0	82.0	844.0	639.0	5.0	0.0	67.0	17.0	947.0	86.0	6.0	189.0	7.0	0.0	129.0	97.0	0.0	555.0	0.0	9.0	19.0	0.0	1.0	2.0	57.0	987.0	1689.0	526.0	13.0	16.0	0.0	0.0	458.0	95.0	0.0	40.0	0.0	130.0	5.0	23.0	33.0	0.0	55.0	374.0	880.0	68.0	0.0	456.0	101.0	346.0	11.0	696.0	0.0	704.0	104.0	2.0	0.0	113.0	60.0	1536.0	0.0	19.0	100.0	227.0	17.0	36.0	0.0	0.0	18.0	11.0	242.0	0.0	52.0	977.0	131.0	335.0	210.0	75.0	0.0	101.0	28.0	3550.0	267.0	620.0	2418.0	0.0	37.0	191.0	311.0	0.0	0.0	1026.0	215.0	53.0	0.0	580.0	85.0	122.0	0.0	72.0	543.0	0.0	52.0	112.0	59.0	267.0	44.0	0.0	0.0	31.0	84.0	120.0	0.0	114.0	1169.0	21.0	53.0	109.0	0.0	33.0	131.0	30.0	50.0	0.0	48.0	89.0	580.0	58.0	700.0	0.0	0.0	589.0	362.0	145.0	290.0	64.0	205.0	0.0	5.0	73.0	0.0	0.0	115.0	1120.0	542.0	15.0	12.0	26.0	Bacteria; __Firmicutes; __Clostridia; __Clostridiales; __Lachnospiraceae; __Anaerostipes
Unc053gf	45.0	2.0	0.0	128.0	0.0	0.0	0.0	341.0	188.0	0.0	9.0	60.0	78.0	177.0	2.0	74.0	0.0	12.0	2.0	0.0	5.0	377.0	0.0	39.0	67.0	105.0	1505.0	0.0	23.0	7.0	275.0	326.0	0.0	0.0	0.0	0.0	97.0	324.0	0.0	438.0	74.0	41.0	0.0	0.0	564.0	49.0	0.0	0.0	0.0	0.0	165.0	44.0	0.0	0.0	238.0	112.0	11.0	55.0	0.0	5.0	628.0	12.0	17.0	63.0	0.0	217.0	115.0	82.0	0.0	0.0	0.0	3.0	0.0	1.0	19.0	1582.0	0.0	427.0	624.0	678.0	5.0	51.0	0.0	11.0	0.0	6.0	0.0	657.0	601.0	30.0	0.0	0.0	2.0	109.0	260.0	390.0	0.0	0.0	18.0	110.0	18.0	0.0	0.0	114.0	416.0	1222.0	9.0	13.0	0.0	67.0	0.0	1.0	86.0	0.0	225.0	554.0	0.0	281.0	1100.0	0.0	0.0	0.0	363.0	211.0	0.0	0.0	77.0	137.0	0.0	280.0	2832.0	303.0	560.0	27.0	313.0	253.0	141.0	103.0	144.0	32.0	66.0	55.0	37.0	64.0	0.0	35.0	2.0	18.0	0.0	1879.0	0.0	0.0	0.0	0.0	88.0	70.0	11.0	41.0	0.0	0.0	0.0	4.0	898.0	240.0	79.0	0.0	1465.0	0.0	1.0	58.0	0.0	175.0	1024.0	14.0	12.0	16.0	0.0	0.0	Bacteria; __Firmicutes; __Clostridia; __Clostridiales; __Lachnospiraceae; __Lachnoclostridium
Unc050mf	4.0	10.0	0.0	6.0	0.0	9.0	13.0	10.0	106.0	0.0	0.0	11.0	0.0	668.0	23.0	0.0	1108.0	22.0	0.0	343.0	440.0	117.0	273.0	41.0	0.0	510.0	2.0	24.0	33.0	173.0	1106.0	18.0	57.0	5.0	164.0	1.0	10.0	0.0	23.0	42.0	0.0	63.0	1359.0	42.0	2.0	0.0	92.0	456.0	0.0	3.0	8.0	444.0	107.0	0.0	5.0	37.0	124.0	957.0	0.0	174.0	0.0	0.0	107.0	67.0	0.0	153.0	19.0	49.0	15.0	0.0	0.0	1322.0	14.0	2.0	3.0	2.0	9.0	1.0	32.0	3.0	48.0	79.0	0.0	5.0	732.0	63.0	0.0	1185.0	163.0	25.0	0.0	0.0	2.0	39.0	24.0	212.0	0.0	0.0	7.0	14.0	25.0	0.0	55.0	15.0	8.0	1.0	18.0	13.0	86.0	76.0	1286.0	12.0	580.0	112.0	131.0	103.0	498.0	4.0	3.0	0.0	0.0	748.0	0.0	56.0	461.0	1060.0	0.0	4.0	0.0	458.0	53.0	8.0	5.0	32.0	2.0	877.0	36.0	0.0	0.0	0.0	1.0	35.0	0.0	1.0	1.0	49.0	0.0	37.0	0.0	26.0	259.0	14.0	217.0	0.0	30.0	0.0	5.0	48.0	15.0	0.0	0.0	3.0	91.0	52.0	37.0	72.0	0.0	0.0	17.0	332.0	0.0	14.0	57.0	575.0	5.0	7.0	6.0	0.0	Bacteria; __Proteobacteria; __Gammaproteobacteria; __Pasteurellales; __Pasteurellaceae; __Haemophilus
UncO6361	25.0	2.0	608.0	64.0	0.0	17.0	624.0	11.0	16.0	223.0	0.0	10.0	0.0	2.0	18.0	0.0	3.0	121.0	0.0	0.0	8.0	83.0	0.0	21.0	1.0	22.0	10.0	177.0	0.0	0.0	0.0	146.0	0.0	40.0	0.0	0.0	9.0	929.0	0.0	21.0	0.0	1.0	4.0	70.0	102.0	0.0	653.0	1.0	0.0	1.0	0.0	1703.0	1130.0	14.0	0.0	33.0	39.0	30.0	0.0	0.0	1299.0	5.0	77.0	15.0	5.0	0.0	9.0	75.0	0.0	0.0	0.0	678.0	62.0	68.0	19.0	16.0	0.0	155.0	64.0	0.0	0.0	0.0	37.0	11.0	903.0	17.0	115.0	34.0	107.0	7.0	6.0	35.0	10.0	1.0	10.0	0.0	0.0	0.0	0.0	39.0	31.0	42.0	92.0	6.0	60.0	0.0	26.0	2.0	224.0	15.0	0.0	19.0	46.0	29.0	27.0	663.0	563.0	6.0	21.0	0.0	32.0	6.0	133.0	15.0	86.0	5.0	0.0	2.0	0.0	42.0	44.0	9.0	2.0	5.0	129.0	5.0	41.0	34.0	3.0	0.0	11.0	0.0	120.0	22.0	36.0	11.0	53.0	0.0	0.0	543.0	5.0	729.0	10.0	0.0	1.0	0.0	18.0	15.0	0.0	0.0	272.0	40.0	59.0	14.0	14.0	80.0	34.0	0.0	0.0	7.0	0.0	59.0	64.0	49.0	16.0	1.0	20.0	0.0	Bacteria; __Firmicutes; __Clostridia; __Clostridiales; __Lachnospiraceae; __Lachnoclostridium
UncO6106	28.0	0.0	0.0	22.0	0.0	0.0	0.0	2.0	5.0	0.0	0.0	0.0	11.0	0.0	1.0	0.0	0.0	41.0	0.0	0.0	25.0	26.0	0.0	54.0	7.0	0.0	187.0	2.0	18.0	0.0	0.0	76.0	0.0	0.0	0.0	0.0	19.0	41.0	3.0	176.0	0.0	0.0	0.0	10.0	2.0	22.0	0.0	0.0	0.0	0.0	0.0	78.0	0.0	0.0	0.0	16.0	0.0	16.0	0.0	8.0	76.0	0.0	7.0	32.0	0.0	6.0	0.0	4.0	0.0	0.0	0.0	0.0	15.0	0.0	2.0	196.0	0.0	3.0	0.0	0.0	0.0	0.0	0.0	0.0	15.0	0.0	2.0	0.0	4.0	17.0	0.0	3.0	103.0	4.0	0.0	0.0	0.0	0.0	15.0	26.0	143.0	0.0	54.0	0.0	9.0	0.0	32.0	0.0	55.0	34.0	2.0	2.0	42.0	0.0	20.0	13.0	1.0	38.0	168.0	0.0	0.0	0.0	3.0	3.0	16.0	0.0	2.0	22.0	0.0	0.0	3.0	28.0	41.0	40.0	48.0	3.0	10.0	0.0	25.0	0.0	11.0	0.0	0.0	87.0	0.0	6.0	39.0	0.0	0.0	0.0	30.0	0.0	1.0	0.0	28.0	12.0	0.0	16.0	7.0	0.0	4.0	1.0	0.0	67.0	0.0	58.0	0.0	0.0	15.0	1.0	0.0	0.0	0.0	2.0	0.0	9.0	93.0	0.0	Bacteria; __Firmicutes; __Clostridia; __Clostridiales; __Ruminococcaceae; __uncultured
Unc02hhf	69.0	14.0	9.0	7.0	0.0	61.0	33.0	29.0	12.0	0.0	0.0	28.0	53.0	1.0	1.0	68.0	0.0	12.0	1.0	0.0	2.0	37.0	4.0	20.0	8.0	0.0	27.0	0.0	0.0	40.0	7.0	47.0	1.0	3.0	0.0	0.0	19.0	0.0	10.0	30.0	0.0	14.0	0.0	0.0	75.0	28.0	0.0	3.0	0.0	0.0	0.0	7.0	0.0	0.0	38.0	13.0	0.0	26.0	0.0	6.0	0.0	0.0	16.0	27.0	0.0	23.0	0.0	8.0	7.0	6.0	0.0	0.0	3.0	19.0	21.0	32.0	0.0	33.0	2.0	114.0	0.0	0.0	3.0	8.0	0.0	3.0	3.0	0.0	63.0	27.0	0.0	0.0	25.0	31.0	1.0	1.0	0.0	0.0	17.0	2.0	18.0	0.0	13.0	27.0	59.0	43.0	6.0	21.0	3.0	29.0	4.0	0.0	12.0	0.0	56.0	0.0	0.0	104.0	34.0	0.0	0.0	3.0	16.0	10.0	1.0	0.0	15.0	59.0	0.0	0.0	33.0	10.0	27.0	12.0	37.0	4.0	4.0	0.0	8.0	8.0	20.0	13.0	0.0	5.0	0.0	14.0	23.0	6.0	0.0	0.0	0.0	3.0	0.0	0.0	22.0	3.0	31.0	13.0	4.0	0.0	11.0	5.0	17.0	43.0	25.0	9.0	4.0	0.0	3.0	21.0	0.0	0.0	6.0	12.0	2.0	13.0	60.0	0.0	Bacteria; __Firmicutes; __Clostridia; __Clostridiales; __Ruminococcaceae; __Butyricicoccus
Unc01c0o	186.0	16.0	0.0	54.0	0.0	158.0	82.0	139.0	7.0	0.0	0.0	68.0	94.0	0.0	0.0	8.0	191.0	0.0	1.0	0.0	0.0	0.0	0.0	38.0	5.0	0.0	357.0	163.0	101.0	30.0	0.0	91.0	132.0	0.0	0.0	0.0	55.0	38.0	0.0	718.0	2.0	74.0	0.0	197.0	35.0	33.0	0.0	132.0	0.0	0.0	123.0	0.0	0.0	0.0	29.0	47.0	8.0	234.0	0.0	85.0	21.0	0.0	18.0	90.0	36.0	6.0	613.0	0.0	0.0	0.0	0.0	0.0	0.0	15.0	173.0	444.0	0.0	198.0	0.0	0.0	0.0	38.0	0.0	91.0	0.0	2.0	0.0	0.0	234.0	223.0	0.0	0.0	4.0	42.0	280.0	0.0	0.0	0.0	53.0	24.0	2.0	0.0	3.0	182.0	70.0	0.0	0.0	107.0	0.0	97.0	0.0	0.0	68.0	10.0	138.0	0.0	0.0	290.0	149.0	0.0	0.0	126.0	59.0	7.0	196.0	215.0	69.0	245.0	0.0	0.0	19.0	46.0	65.0	69.0	62.0	2.0	0.0	0.0	3.0	0.0	49.0	139.0	0.0	26.0	0.0	34.0	56.0	16.0	0.0	0.0	0.0	22.0	0.0	0.0	38.0	69.0	158.0	39.0	0.0	0.0	0.0	78.0	4.0	96.0	99.0	0.0	34.0	1.0	103.0	0.0	0.0	290.0	0.0	276.0	61.0	38.0	0.0	9.0	Bacteria; __Firmicutes; __Clostridia; __Clostridiales; __Lachnospiraceae; __Lachnospiraceae_UCG_008
Unc04zq9	0.0	17.0	0.0	101.0	0.0	3.0	0.0	65.0	377.0	0.0	2.0	5.0	167.0	165.0	0.0	25.0	158.0	0.0	0.0	0.0	751.0	1.0	141.0	1369.0	9.0	0.0	13.0	18.0	1301.0	328.0	235.0	155.0	9.0	0.0	0.0	0.0	183.0	40.0	6.0	0.0	9.0	268.0	0.0	102.0	11.0	379.0	0.0	24.0	0.0	0.0	0.0	0.0	0.0	1.0	280.0	0.0	31.0	764.0	0.0	94.0	108.0	0.0	168.0	503.0	6.0	367.0	0.0	436.0	26.0	0.0	0.0	0.0	341.0	1910.0	0.0	13.0	0.0	0.0	0.0	0.0	0.0	0.0	0.0	0.0	0.0	2.0	121.0	0.0	218.0	1264.0	0.0	28.0	1538.0	57.0	0.0	145.0	0.0	0.0	54.0	186.0	640.0	0.0	526.0	93.0	1.0	0.0	133.0	9.0	0.0	387.0	20.0	0.0	1683.0	23.0	0.0	0.0	0.0	339.0	15.0	0.0	0.0	37.0	2.0	324.0	92.0	351.0	95.0	627.0	0.0	0.0	12.0	151.0	244.0	1028.0	140.0	203.0	0.0	1.0	118.0	0.0	181.0	128.0	0.0	329.0	0.0	57.0	1139.0	43.0	0.0	0.0	576.0	0.0	393.0	285.0	296.0	155.0	0.0	92.0	16.0	22.0	0.0	939.0	8.0	0.0	240.0	819.0	0.0	0.0	51.0	37.0	0.0	0.0	1.0	94.0	0.0	166.0	0.0	46.0	Bacteria; __Bacteroidetes; __Bacteroidia; __Bacteroidales; __Porphyromonadaceae; __Parabacteroides
Unc48286	181.0	105.0	0.0	38.0	0.0	75.0	178.0	175.0	48.0	0.0	3.0	146.0	162.0	273.0	158.0	16.0	4.0	306.0	2.0	0.0	68.0	33.0	21.0	124.0	14.0	25.0	301.0	10.0	179.0	65.0	60.0	93.0	0.0	79.0	0.0	0.0	438.0	68.0	481.0	343.0	26.0	223.0	0.0	0.0	23.0	241.0	0.0	114.0	0.0	0.0	93.0	0.0	0.0	0.0	35.0	19.0	37.0	103.0	0.0	85.0	21.0	0.0	184.0	123.0	0.0	33.0	0.0	133.0	1.0	0.0	3.0	0.0	182.0	65.0	166.0	182.0	1.0	34.0	3.0	86.0	17.0	9.0	25.0	554.0	453.0	0.0	0.0	161.0	191.0	240.0	5.0	17.0	64.0	462.0	113.0	149.0	0.0	0.0	179.0	15.0	182.0	0.0	47.0	17.0	47.0	68.0	433.0	126.0	0.0	185.0	0.0	270.0	54.0	13.0	20.0	0.0	105.0	430.0	139.0	0.0	0.0	66.0	20.0	48.0	0.0	29.0	34.0	546.0	0.0	22.0	128.0	46.0	796.0	94.0	64.0	116.0	55.0	0.0	27.0	0.0	256.0	148.0	0.0	438.0	83.0	166.0	62.0	72.0	0.0	0.0	27.0	143.0	14.0	120.0	342.0	35.0	129.0	254.0	311.0	0.0	19.0	78.0	49.0	89.0	9.0	58.0	151.0	1.0	102.0	19.0	0.0	0.0	5.0	0.0	261.0	321.0	1343.0	17.0	Bacteria; __Firmicutes; __Clostridia; __Clostridiales; __Lachnospiraceae; __Fusicatenibacter
Unc054m4	12.0	0.0	144.0	51.0	0.0	82.0	227.0	8.0	17.0	68.0	0.0	10.0	26.0	1.0	133.0	0.0	36.0	26.0	0.0	0.0	220.0	18.0	4.0	85.0	7.0	3.0	100.0	22.0	7.0	11.0	0.0	153.0	0.0	54.0	0.0	0.0	25.0	209.0	119.0	249.0	0.0	2.0	0.0	20.0	47.0	2.0	0.0	0.0	0.0	0.0	55.0	200.0	0.0	0.0	13.0	4.0	1.0	141.0	0.0	4.0	104.0	0.0	59.0	102.0	0.0	11.0	34.0	6.0	2.0	0.0	0.0	491.0	154.0	46.0	18.0	68.0	0.0	18.0	25.0	0.0	0.0	0.0	4.0	16.0	200.0	13.0	11.0	17.0	44.0	10.0	0.0	139.0	102.0	23.0	40.0	0.0	0.0	0.0	4.0	29.0	77.0	30.0	216.0	22.0	60.0	0.0	544.0	0.0	87.0	151.0	0.0	59.0	171.0	0.0	3.0	393.0	123.0	36.0	91.0	0.0	1.0	5.0	15.0	29.0	9.0	13.0	8.0	23.0	0.0	0.0	9.0	53.0	15.0	91.0	89.0	3.0	1.0	0.0	26.0	0.0	30.0	11.0	26.0	25.0	32.0	10.0	25.0	0.0	0.0	61.0	275.0	264.0	81.0	131.0	65.0	6.0	17.0	7.0	62.0	0.0	131.0	26.0	0.0	41.0	95.0	233.0	30.0	0.0	6.0	9.0	0.0	6.0	40.0	10.0	4.0	15.0	294.0	0.0	Bacteria; __Firmicutes; __Clostridia; __Clostridiales; __Ruminococcaceae; __Flavonifractor
UncGranu	0.0	1.0	0.0	1.0	0.0	17.0	42.0	2.0	65.0	0.0	0.0	0.0	4.0	0.0	35.0	9.0	4.0	6.0	0.0	13.0	28.0	6.0	24.0	4.0	7.0	0.0	0.0	0.0	74.0	0.0	7.0	2.0	17.0	159.0	0.0	0.0	0.0	6.0	7.0	1.0	0.0	0.0	17.0	0.0	0.0	0.0	15.0	5.0	0.0	0.0	5.0	4.0	8.0	0.0	3.0	12.0	0.0	3.0	0.0	0.0	0.0	0.0	295.0	0.0	0.0	43.0	85.0	2.0	0.0	0.0	3.0	9.0	0.0	1.0	1.0	1.0	262.0	0.0	0.0	0.0	3.0	3.0	0.0	0.0	301.0	17.0	0.0	6.0	33.0	1.0	0.0	0.0	20.0	0.0	12.0	1.0	0.0	0.0	0.0	59.0	1.0	0.0	2.0	12.0	27.0	4.0	41.0	2.0	0.0	1.0	13.0	2.0	2.0	0.0	9.0	4.0	0.0	16.0	16.0	0.0	0.0	10.0	2.0	0.0	6.0	5.0	0.0	1.0	0.0	0.0	0.0	0.0	15.0	2.0	0.0	10.0	0.0	0.0	0.0	0.0	0.0	32.0	0.0	0.0	140.0	3.0	21.0	0.0	0.0	0.0	17.0	9.0	13.0	5.0	1.0	0.0	0.0	3.0	6.0	0.0	0.0	2.0	0.0	52.0	0.0	0.0	6.0	0.0	0.0	5.0	0.0	17.0	2.0	0.0	1.0	2.0	0.0	0.0	Bacteria; __Firmicutes; __Bacilli; __Lactobacillales; __Carnobacteriaceae; __Granulicatella
Unide146	1.0	42.0	0.0	1438.0	0.0	0.0	0.0	78.0	245.0	0.0	0.0	169.0	0.0	91.0	151.0	80.0	0.0	0.0	0.0	0.0	93.0	1.0	2.0	161.0	7.0	0.0	90.0	211.0	113.0	43.0	4.0	232.0	0.0	0.0	0.0	0.0	250.0	113.0	89.0	0.0	10.0	32.0	0.0	293.0	254.0	22.0	0.0	101.0	0.0	0.0	60.0	0.0	0.0	14.0	81.0	16.0	4.0	62.0	1.0	116.0	151.0	0.0	3.0	487.0	61.0	69.0	78.0	180.0	30.0	0.0	0.0	0.0	182.0	248.0	0.0	137.0	0.0	0.0	238.0	0.0	12.0	0.0	0.0	188.0	0.0	7.0	0.0	0.0	75.0	85.0	0.0	105.0	0.0	65.0	48.0	32.0	0.0	0.0	54.0	956.0	0.0	0.0	594.0	37.0	998.0	0.0	146.0	34.0	0.0	349.0	0.0	49.0	122.0	0.0	94.0	0.0	0.0	231.0	72.0	0.0	0.0	193.0	0.0	221.0	257.0	0.0	128.0	107.0	0.0	0.0	16.0	83.0	106.0	237.0	184.0	18.0	0.0	1.0	41.0	18.0	121.0	28.0	0.0	38.0	1.0	82.0	0.0	80.0	1.0	82.0	56.0	0.0	70.0	100.0	124.0	183.0	0.0	153.0	249.0	0.0	0.0	243.0	24.0	0.0	309.0	421.0	0.0	0.0	81.0	96.0	0.0	79.0	225.0	109.0	48.0	99.0	0.0	0.0	Bacteria; __Proteobacteria; __Deltaproteobacteria; __Desulfovibrionales; __Desulfovibrionaceae; __Bilophila
Unc91512	594.0	0.0	216.0	662.0	0.0	15.0	355.0	1.0	394.0	11.0	0.0	8.0	390.0	24.0	1041.0	0.0	84.0	97.0	0.0	0.0	86.0	76.0	0.0	539.0	0.0	6.0	951.0	0.0	130.0	0.0	1.0	941.0	0.0	625.0	0.0	0.0	252.0	0.0	0.0	1.0	0.0	0.0	7.0	480.0	0.0	290.0	119.0	100.0	0.0	170.0	1.0	0.0	425.0	1.0	0.0	65.0	2.0	365.0	52.0	0.0	0.0	0.0	155.0	3.0	0.0	0.0	75.0	102.0	1.0	65.0	4.0	460.0	0.0	34.0	127.0	753.0	0.0	34.0	21.0	1.0	0.0	0.0	66.0	3.0	128.0	0.0	0.0	42.0	2.0	108.0	4.0	468.0	243.0	0.0	0.0	4.0	0.0	0.0	0.0	635.0	401.0	22.0	0.0	3.0	1.0	4.0	435.0	0.0	0.0	0.0	1.0	1071.0	270.0	0.0	182.0	0.0	73.0	1092.0	622.0	0.0	0.0	225.0	37.0	269.0	239.0	215.0	0.0	904.0	0.0	12.0	0.0	0.0	9.0	371.0	906.0	0.0	9.0	0.0	0.0	0.0	229.0	1.0	0.0	160.0	432.0	247.0	0.0	0.0	0.0	0.0	116.0	357.0	63.0	0.0	480.0	0.0	278.0	312.0	0.0	0.0	318.0	44.0	0.0	0.0	18.0	1.0	0.0	0.0	1.0	220.0	0.0	77.0	31.0	0.0	2.0	0.0	1004.0	0.0	Bacteria; __Firmicutes; __Negativicutes; __Selenomonadales; __Veillonellaceae; __Dialister
Unc36622	0.0	115.0	0.0	106.0	0.0	7.0	0.0	167.0	188.0	0.0	0.0	107.0	159.0	47.0	13.0	0.0	0.0	52.0	0.0	0.0	0.0	0.0	0.0	150.0	1.0	0.0	32.0	1.0	236.0	93.0	35.0	83.0	21.0	0.0	0.0	0.0	129.0	0.0	222.0	0.0	14.0	47.0	1.0	4.0	0.0	0.0	0.0	176.0	0.0	0.0	20.0	4.0	0.0	0.0	186.0	233.0	378.0	31.0	0.0	41.0	0.0	0.0	1.0	0.0	53.0	173.0	0.0	99.0	35.0	0.0	0.0	0.0	0.0	367.0	220.0	113.0	0.0	12.0	83.0	60.0	3.0	10.0	0.0	171.0	0.0	0.0	0.0	20.0	86.0	232.0	0.0	0.0	31.0	246.0	0.0	27.0	0.0	0.0	109.0	40.0	30.0	0.0	5.0	52.0	0.0	198.0	0.0	202.0	1.0	1.0	0.0	10.0	55.0	62.0	646.0	0.0	0.0	55.0	58.0	0.0	0.0	357.0	13.0	170.0	0.0	0.0	36.0	4.0	0.0	0.0	81.0	7.0	249.0	85.0	96.0	61.0	0.0	0.0	3.0	0.0	118.0	101.0	0.0	36.0	0.0	78.0	0.0	128.0	0.0	0.0	0.0	0.0	0.0	0.0	236.0	139.0	162.0	121.0	294.0	0.0	0.0	378.0	7.0	0.0	134.0	10.0	11.0	0.0	8.0	112.0	0.0	0.0	139.0	232.0	107.0	137.0	4.0	120.0	Bacteria; __Firmicutes; __Clostridia; __Clostridiales; __Lachnospiraceae; __uncultured
Unc01w0v	800.0	172.0	0.0	396.0	0.0	0.0	0.0	409.0	179.0	0.0	1.0	595.0	372.0	128.0	0.0	0.0	395.0	1089.0	0.0	0.0	0.0	196.0	1.0	156.0	0.0	0.0	443.0	0.0	89.0	138.0	28.0	335.0	0.0	0.0	0.0	0.0	279.0	0.0	85.0	193.0	40.0	78.0	0.0	0.0	155.0	72.0	0.0	0.0	0.0	49.0	11.0	0.0	0.0	0.0	693.0	146.0	0.0	397.0	0.0	32.0	1.0	0.0	377.0	33.0	0.0	488.0	0.0	63.0	27.0	23.0	0.0	0.0	0.0	39.0	286.0	524.0	0.0	0.0	295.0	0.0	0.0	7.0	0.0	14.0	0.0	2.0	1.0	0.0	176.0	287.0	4.0	0.0	119.0	283.0	116.0	69.0	0.0	0.0	143.0	511.0	44.0	0.0	0.0	343.0	378.0	0.0	0.0	333.0	0.0	25.0	0.0	0.0	118.0	0.0	428.0	0.0	0.0	88.0	361.0	0.0	0.0	0.0	1.0	247.0	0.0	403.0	130.0	65.0	0.0	0.0	14.0	9.0	720.0	270.0	320.0	34.0	39.0	0.0	7.0	0.0	170.0	131.0	0.0	174.0	3.0	118.0	144.0	294.0	0.0	0.0	0.0	0.0	12.0	0.0	135.0	166.0	207.0	191.0	59.0	0.0	0.0	23.0	0.0	70.0	185.0	0.0	1411.0	0.0	46.0	52.0	0.0	0.0	375.0	68.0	4.0	186.0	2013.0	5.0	Bacteria; __Firmicutes; __Clostridia; __Clostridiales; __Ruminococcaceae; __Subdoligranulum
Unc91005	165.0	1030.0	3.0	392.0	3.0	254.0	110.0	430.0	1383.0	19.0	39.0	2318.0	90.0	1094.0	911.0	216.0	2970.0	458.0	7.0	0.0	1207.0	201.0	1981.0	204.0	26.0	356.0	74.0	265.0	913.0	29.0	983.0	596.0	632.0	2641.0	1.0	3.0	207.0	1280.0	1811.0	257.0	77.0	99.0	0.0	619.0	1001.0	232.0	1.0	992.0	4.0	128.0	4595.0	1599.0	0.0	27.0	433.0	334.0	351.0	1440.0	25.0	452.0	119.0	2.0	338.0	1655.0	55.0	265.0	3148.0	634.0	66.0	0.0	123.0	1364.0	310.0	529.0	2371.0	338.0	60.0	976.0	1269.0	0.0	24.0	370.0	369.0	706.0	0.0	40.0	13.0	226.0	464.0	717.0	26.0	3.0	733.0	383.0	5087.0	745.0	1.0	0.0	231.0	285.0	220.0	0.0	207.0	1311.0	6681.0	0.0	12.0	1520.0	1105.0	2707.0	1583.0	1352.0	597.0	223.0	311.0	1.0	0.0	195.0	387.0	1.0	0.0	939.0	1687.0	1724.0	490.0	2993.0	290.0	181.0	0.0	72.0	15.0	40.0	655.0	321.0	304.0	159.0	69.0	0.0	9.0	225.0	154.0	76.0	0.0	116.0	1040.0	73.0	663.0	131.0	0.0	0.0	705.0	111.0	635.0	242.0	144.0	238.0	2236.0	84.0	1085.0	0.0	922.0	2365.0	24.0	2457.0	752.0	392.0	939.0	0.0	300.0	37.0	0.0	1556.0	1581.0	396.0	586.0	315.0	416.0	18.0	Bacteria; __Firmicutes; __Clostridia; __Clostridiales; __Lachnospiraceae; ___Eubacterium_rectale_group
Unc019wl	37.0	0.0	0.0	4.0	0.0	1.0	28.0	0.0	2.0	0.0	0.0	0.0	16.0	0.0	72.0	0.0	135.0	12.0	0.0	0.0	23.0	7.0	0.0	16.0	0.0	7.0	1.0	3.0	16.0	0.0	0.0	7.0	0.0	445.0	0.0	0.0	20.0	22.0	186.0	25.0	0.0	4.0	0.0	1.0	76.0	0.0	0.0	4.0	0.0	0.0	0.0	280.0	0.0	0.0	10.0	25.0	1.0	9.0	0.0	20.0	0.0	0.0	42.0	3.0	0.0	10.0	21.0	14.0	0.0	0.0	0.0	22.0	144.0	490.0	14.0	0.0	0.0	3.0	3.0	0.0	0.0	0.0	11.0	23.0	44.0	0.0	0.0	7.0	0.0	11.0	0.0	0.0	169.0	1.0	0.0	0.0	0.0	0.0	2.0	6.0	37.0	0.0	64.0	0.0	159.0	0.0	0.0	3.0	96.0	16.0	0.0	37.0	15.0	0.0	85.0	597.0	9.0	16.0	0.0	0.0	0.0	2.0	0.0	7.0	10.0	184.0	0.0	15.0	0.0	0.0	12.0	0.0	3.0	8.0	4.0	0.0	0.0	0.0	0.0	0.0	2.0	1.0	52.0	5.0	285.0	0.0	6.0	0.0	0.0	0.0	22.0	43.0	14.0	94.0	11.0	5.0	24.0	3.0	402.0	0.0	54.0	340.0	7.0	6.0	7.0	92.0	2.0	0.0	20.0	0.0	0.0	1.0	0.0	23.0	6.0	15.0	175.0	0.0	Bacteria; __Firmicutes; __Clostridia; __Clostridiales; __Ruminococcaceae; __Subdoligranulum
Unc85953	10.0	0.0	11.0	3.0	0.0	12.0	103.0	0.0	17.0	4.0	0.0	0.0	0.0	0.0	2.0	0.0	0.0	39.0	0.0	0.0	0.0	6.0	0.0	8.0	0.0	1.0	2.0	6.0	16.0	0.0	0.0	17.0	0.0	222.0	0.0	0.0	1.0	21.0	0.0	6.0	7.0	1.0	0.0	7.0	28.0	0.0	0.0	0.0	0.0	3.0	0.0	342.0	0.0	0.0	2.0	0.0	0.0	3.0	0.0	0.0	60.0	0.0	36.0	13.0	0.0	0.0	2.0	16.0	0.0	0.0	0.0	8.0	0.0	1.0	26.0	4.0	0.0	0.0	42.0	0.0	0.0	0.0	3.0	0.0	19.0	4.0	0.0	12.0	24.0	4.0	4.0	35.0	9.0	0.0	0.0	0.0	0.0	0.0	0.0	1.0	7.0	0.0	41.0	4.0	30.0	0.0	36.0	0.0	113.0	15.0	0.0	5.0	5.0	3.0	0.0	47.0	14.0	0.0	12.0	0.0	0.0	0.0	0.0	18.0	20.0	0.0	1.0	0.0	0.0	6.0	34.0	18.0	0.0	5.0	7.0	0.0	0.0	0.0	10.0	9.0	5.0	4.0	20.0	3.0	140.0	0.0	2.0	0.0	0.0	0.0	0.0	81.0	0.0	0.0	7.0	0.0	19.0	7.0	0.0	0.0	67.0	2.0	18.0	3.0	7.0	28.0	26.0	0.0	6.0	9.0	0.0	0.0	11.0	3.0	1.0	0.0	1.0	0.0	Bacteria; __Firmicutes; __Clostridia; __Clostridiales; __Lachnospiraceae; __Lachnoclostridium
H4SFili3	5.0	0.0	0.0	4.0	0.0	0.0	0.0	0.0	11.0	0.0	0.0	0.0	0.0	0.0	3.0	1.0	14.0	9.0	0.0	0.0	7.0	4.0	0.0	6.0	3.0	0.0	2.0	0.0	2.0	0.0	0.0	0.0	0.0	0.0	0.0	0.0	0.0	9.0	0.0	8.0	0.0	4.0	0.0	6.0	12.0	9.0	0.0	3.0	0.0	7.0	18.0	51.0	0.0	0.0	7.0	15.0	4.0	4.0	0.0	0.0	4.0	0.0	8.0	3.0	0.0	13.0	0.0	4.0	0.0	0.0	0.0	0.0	4.0	3.0	1.0	4.0	0.0	0.0	0.0	0.0	0.0	0.0	0.0	4.0	12.0	0.0	0.0	12.0	5.0	3.0	1.0	1.0	6.0	0.0	6.0	0.0	0.0	0.0	1.0	7.0	3.0	0.0	12.0	1.0	22.0	0.0	11.0	0.0	10.0	4.0	0.0	7.0	7.0	1.0	41.0	31.0	17.0	3.0	3.0	0.0	0.0	3.0	0.0	8.0	3.0	7.0	0.0	5.0	0.0	4.0	2.0	5.0	11.0	5.0	1.0	0.0	1.0	0.0	1.0	0.0	1.0	0.0	1.0	3.0	0.0	6.0	0.0	0.0	0.0	0.0	1.0	0.0	0.0	0.0	23.0	12.0	1.0	10.0	10.0	0.0	0.0	1.0	2.0	27.0	0.0	11.0	0.0	0.0	1.0	0.0	0.0	0.0	0.0	0.0	1.0	6.0	26.0	0.0	Bacteria; __Firmicutes; __Erysipelotrichia; __Erysipelotrichales; __Erysipelotrichaceae; __Holdemania
UncG3786	149.0	1384.0	21.0	1484.0	33.0	0.0	3.0	10.0	416.0	7.0	19.0	0.0	47.0	2351.0	3.0	36.0	644.0	58.0	18501.0	16.0	936.0	273.0	342.0	7.0	44.0	42.0	3.0	15.0	35.0	22.0	10.0	244.0	52.0	559.0	114.0	9.0	8.0	178.0	838.0	3.0	83.0	20.0	19.0	216.0	26.0	17.0	2791.0	36.0	3.0	33.0	9.0	231.0	1867.0	387.0	24.0	26.0	495.0	194.0	9.0	506.0	230.0	26.0	1744.0	101.0	25.0	25.0	82.0	71.0	30.0	15.0	3629.0	7436.0	67.0	11.0	246.0	6.0	4701.0	2437.0	3.0	2.0	20.0	65.0	34.0	9.0	3892.0	13856.0	25.0	2.0	11.0	19.0	3.0	2372.0	33.0	148.0	14.0	2641.0	29.0	10.0	9.0	1293.0	18.0	45.0	100.0	18.0	3.0	0.0	994.0	1070.0	101.0	41.0	539.0	3.0	143.0	1162.0	10.0	1832.0	1427.0	3.0	8.0	1.0	10.0	91.0	1224.0	271.0	395.0	815.0	2006.0	12.0	59.0	8.0	1.0	20.0	12.0	24.0	33.0	6.0	203.0	21.0	9.0	32.0	20.0	0.0	228.0	24.0	494.0	1.0	7.0	316.0	22.0	56.0	1046.0	20.0	579.0	30.0	2.0	2039.0	118.0	0.0	1032.0	33.0	104.0	16.0	14.0	7.0	41.0	93.0	727.0	7411.0	616.0	44.0	114.0	43.0	1.0	52.0	3.0	5.0	3.0	27.0	Bacteria; __Proteobacteria; __Gammaproteobacteria; __Enterobacteriales; __Enterobacteriaceae; __Escherichia_Shigella
UncO8895	0.0	154.0	308.0	183.0	0.0	4196.0	87.0	101.0	368.0	51.0	11.0	3055.0	365.0	667.0	711.0	684.0	418.0	465.0	1.0	4.0	17.0	80.0	150.0	66.0	100.0	1259.0	419.0	1581.0	406.0	0.0	1368.0	217.0	134.0	1161.0	198.0	1.0	343.0	178.0	314.0	122.0	0.0	131.0	0.0	921.0	1148.0	84.0	1026.0	298.0	2.0	124.0	54.0	14.0	1445.0	31.0	45.0	189.0	822.0	201.0	10.0	129.0	174.0	0.0	375.0	130.0	86.0	25.0	556.0	159.0	37.0	0.0	509.0	1999.0	41.0	143.0	201.0	1574.0	972.0	718.0	134.0	1447.0	8.0	386.0	37.0	703.0	753.0	268.0	15.0	700.0	213.0	324.0	40.0	0.0	157.0	669.0	16.0	771.0	0.0	0.0	73.0	69.0	336.0	33.0	149.0	1499.0	917.0	1491.0	21.0	224.0	7.0	232.0	212.0	1872.0	115.0	427.0	830.0	6111.0	87.0	1279.0	850.0	0.0	0.0	375.0	498.0	390.0	1220.0	473.0	60.0	125.0	1.0	365.0	763.0	41.0	82.0	82.0	85.0	252.0	67.0	0.0	6.0	37.0	146.0	129.0	145.0	101.0	996.0	35.0	299.0	310.0	0.0	178.0	21.0	152.0	13.0	36.0	80.0	56.0	282.0	39.0	1161.0	0.0	161.0	609.0	302.0	302.0	584.0	92.0	3176.0	6.0	115.0	27.0	20.0	169.0	140.0	965.0	494.0	251.0	958.0	28.0	Bacteria; __Firmicutes; __Clostridia; __Clostridiales; __Lachnospiraceae; ___Ruminococcus_gnavus_group
Unc64172	3845.0	3010.0	0.0	3822.0	25.0	1807.0	14.0	1420.0	3257.0	0.0	36.0	2934.0	2117.0	5082.0	5770.0	977.0	344.0	9849.0	8.0	4.0	379.0	2699.0	1510.0	5830.0	832.0	673.0	5047.0	3938.0	5083.0	770.0	5931.0	3553.0	646.0	9.0	0.0	2.0	2517.0	1.0	426.0	4810.0	791.0	3092.0	28.0	5608.0	2447.0	1615.0	3.0	5367.0	4.0	215.0	4998.0	2.0	0.0	81.0	3279.0	71.0	3654.0	1533.0	61.0	3450.0	8.0	1.0	1234.0	2045.0	214.0	2812.0	2041.0	4376.0	171.0	59.0	12.0	5.0	139.0	755.0	9155.0	5110.0	7.0	3047.0	9580.0	8518.0	47.0	387.0	20.0	5258.0	2.0	802.0	1003.0	2823.0	4275.0	6874.0	130.0	8239.0	929.0	8659.0	1991.0	5294.0	0.0	0.0	3795.0	3198.0	2618.0	18.0	1310.0	5655.0	2190.0	6100.0	4519.0	3840.0	4.0	2803.0	1865.0	4782.0	852.0	1309.0	352.0	1.0	16.0	5783.0	4078.0	0.0	0.0	6568.0	3425.0	2976.0	4763.0	437.0	1387.0	3413.0	0.0	1216.0	8139.0	1379.0	3228.0	6089.0	2385.0	7402.0	1016.0	2.0	417.0	79.0	2528.0	4534.0	0.0	3367.0	10.0	2160.0	1667.0	4147.0	0.0	293.0	363.0	4.0	132.0	108.0	2078.0	1718.0	6294.0	2559.0	369.0	15.0	123.0	593.0	2661.0	6144.0	5207.0	2321.0	2180.0	11.0	1572.0	460.0	1.0	991.0	11613.0	2156.0	3405.0	3729.0	2486.0	492.0	Bacteria; __Firmicutes; __Clostridia; __Clostridiales; __Ruminococcaceae; __Faecalibacterium
Unc00y95	706.0	236.0	120.0	227.0	0.0	1506.0	563.0	348.0	108.0	61.0	1.0	26.0	437.0	32.0	11.0	158.0	477.0	134.0	0.0	0.0	152.0	165.0	66.0	763.0	183.0	8.0	724.0	32.0	805.0	465.0	0.0	166.0	532.0	0.0	0.0	0.0	1428.0	112.0	1189.0	122.0	7.0	502.0	0.0	202.0	261.0	325.0	14.0	704.0	0.0	157.0	40.0	1.0	48.0	0.0	184.0	349.0	296.0	1663.0	4.0	107.0	98.0	0.0	463.0	207.0	0.0	199.0	0.0	287.0	49.0	30.0	2.0	106.0	46.0	226.0	461.0	976.0	0.0	159.0	1.0	206.0	2.0	386.0	34.0	534.0	49.0	0.0	0.0	28.0	110.0	2070.0	6.0	8.0	487.0	146.0	16.0	19.0	0.0	0.0	253.0	133.0	975.0	47.0	86.0	133.0	651.0	405.0	270.0	488.0	0.0	336.0	11.0	17.0	1507.0	109.0	753.0	0.0	18.0	1159.0	617.0	1.0	28.0	853.0	116.0	144.0	301.0	372.0	297.0	404.0	0.0	17.0	180.0	122.0	356.0	1330.0	206.0	11.0	29.0	3.0	119.0	0.0	692.0	684.0	0.0	500.0	0.0	337.0	383.0	47.0	0.0	0.0	149.0	396.0	31.0	41.0	128.0	199.0	434.0	698.0	951.0	0.0	47.0	187.0	43.0	127.0	40.0	124.0	176.0	0.0	159.0	24.0	0.0	2.0	2.0	1454.0	303.0	481.0	807.0	62.0	Bacteria; __Firmicutes; __Clostridia; __Clostridiales; __Lachnospiraceae; ___Eubacterium_rectale_group
Unc05nru	0.0	0.0	0.0	16.0	22.0	0.0	0.0	59.0	62.0	0.0	0.0	836.0	24.0	228.0	317.0	0.0	0.0	55.0	1.0	0.0	69.0	24.0	0.0	0.0	0.0	0.0	37.0	79.0	93.0	23.0	13.0	49.0	235.0	0.0	6.0	1.0	8.0	0.0	0.0	27.0	0.0	13.0	3.0	127.0	25.0	0.0	0.0	131.0	0.0	5.0	2.0	0.0	0.0	0.0	19.0	154.0	1.0	0.0	2.0	1.0	0.0	0.0	51.0	75.0	30.0	28.0	608.0	200.0	10.0	0.0	23.0	0.0	0.0	18.0	67.0	41.0	0.0	0.0	147.0	0.0	2.0	175.0	0.0	260.0	1.0	13.0	0.0	0.0	1.0	460.0	5.0	0.0	2.0	11.0	11.0	319.0	0.0	0.0	10.0	14.0	0.0	0.0	0.0	573.0	44.0	0.0	68.0	0.0	0.0	69.0	0.0	483.0	0.0	0.0	292.0	0.0	3.0	25.0	62.0	0.0	0.0	320.0	1.0	136.0	375.0	0.0	7.0	43.0	0.0	0.0	178.0	0.0	133.0	0.0	32.0	21.0	12.0	0.0	0.0	0.0	11.0	14.0	0.0	1.0	1.0	0.0	77.0	0.0	0.0	0.0	48.0	0.0	27.0	0.0	10.0	11.0	108.0	7.0	0.0	0.0	0.0	148.0	40.0	141.0	134.0	9.0	161.0	0.0	0.0	25.0	14.0	116.0	153.0	289.0	62.0	13.0	128.0	10.0	Bacteria; __Firmicutes; __Erysipelotrichia; __Erysipelotrichales; __Erysipelotrichaceae; __Erysipelotrichaceae_UCG_003
Unc03433	27.0	15.0	0.0	7.0	0.0	18.0	19.0	0.0	20.0	0.0	0.0	32.0	0.0	7.0	17.0	0.0	75.0	23.0	0.0	0.0	72.0	28.0	115.0	3.0	12.0	9.0	5.0	24.0	3.0	0.0	1.0	9.0	0.0	0.0	5.0	0.0	7.0	48.0	115.0	22.0	58.0	2.0	0.0	27.0	46.0	0.0	0.0	13.0	0.0	2.0	10.0	396.0	22.0	0.0	0.0	15.0	2.0	5.0	8.0	0.0	7.0	0.0	9.0	10.0	0.0	0.0	20.0	19.0	94.0	0.0	9.0	6.0	88.0	12.0	12.0	7.0	0.0	1.0	7.0	8.0	0.0	0.0	0.0	7.0	108.0	0.0	24.0	32.0	143.0	6.0	0.0	0.0	12.0	63.0	4.0	1.0	0.0	0.0	7.0	1.0	6.0	0.0	43.0	8.0	74.0	3.0	15.0	4.0	16.0	9.0	59.0	7.0	1.0	4.0	2.0	0.0	27.0	49.0	7.0	0.0	0.0	22.0	3.0	16.0	15.0	40.0	0.0	13.0	0.0	7.0	35.0	0.0	0.0	6.0	7.0	0.0	20.0	0.0	0.0	0.0	13.0	3.0	0.0	2.0	0.0	33.0	0.0	123.0	0.0	0.0	14.0	3.0	25.0	0.0	0.0	0.0	23.0	41.0	51.0	0.0	0.0	11.0	46.0	6.0	3.0	29.0	14.0	0.0	0.0	11.0	0.0	11.0	10.0	16.0	4.0	29.0	51.0	65.0	Bacteria; __Firmicutes; __Clostridia; __Clostridiales; __Ruminococcaceae; __Ruminiclostridium_5
Unc01505	481.0	16.0	4.0	117.0	0.0	1350.0	63.0	134.0	589.0	0.0	8.0	198.0	217.0	15.0	198.0	67.0	66.0	92.0	0.0	0.0	94.0	32.0	129.0	155.0	15.0	47.0	187.0	65.0	194.0	131.0	18.0	34.0	149.0	515.0	0.0	0.0	525.0	0.0	32.0	124.0	0.0	122.0	0.0	16.0	21.0	83.0	0.0	152.0	0.0	40.0	117.0	0.0	0.0	0.0	84.0	45.0	33.0	596.0	38.0	52.0	1.0	0.0	132.0	141.0	0.0	73.0	5.0	630.0	3.0	19.0	0.0	4.0	49.0	124.0	389.0	348.0	0.0	4.0	46.0	37.0	0.0	47.0	193.0	62.0	4.0	0.0	128.0	119.0	37.0	370.0	0.0	24.0	230.0	74.0	57.0	4.0	0.0	0.0	55.0	40.0	391.0	0.0	48.0	159.0	23.0	24.0	769.0	17.0	0.0	262.0	53.0	313.0	171.0	9.0	88.0	0.0	5.0	103.0	360.0	2.0	0.0	260.0	1.0	911.0	36.0	92.0	144.0	82.0	0.0	51.0	31.0	28.0	141.0	174.0	49.0	31.0	16.0	0.0	43.0	23.0	317.0	154.0	0.0	155.0	361.0	24.0	128.0	55.0	0.0	0.0	36.0	88.0	21.0	47.0	123.0	56.0	276.0	64.0	15.0	0.0	366.0	279.0	34.0	145.0	33.0	113.0	15.0	0.0	109.0	32.0	13.0	0.0	39.0	644.0	13.0	16.0	228.0	0.0	Bacteria; __Firmicutes; __Clostridia; __Clostridiales; __Lachnospiraceae; __Blautia
